Workbook

Sheet Assumptions
A1: SP Gearbox — ratio & flange model (ACTUAL sales data)
A2: Demand now comes directly from the sales export with ratio/PAM (SP ORDERS yd+yc, detailed version). Blue cells are editable.
A4: Sales period | B4: Jan 1 – Jul 30, 2026 (sales file has no dates) — edit B10 if different
A5: Months in period | B5: 7.0 (cell B10, blue = editable; all rates recalc from it)
A6: Cover (months) | B6: inbound pipeline ÷ (sold ÷ months); warehouse stock NOT included
A7: Suggested order | B7: rounds (12 × monthly rate − inbound) up to 5s, where cover < 12 and 12-mo need ≥ 5
A8: Verdicts | B8: NOT STOCKED = sold but zero inbound · MISSING <5 mo · Tight 5–8 · Balanced 8–15 · Heavy >15
A9: Prices | B9: USD FOB Shanghai from supplier invoices
A10: Months in period | B10: 7

Sheet Ratio cells
A1: Size | B1: Ratio (i) | C1: Sold YTD | D1: Rate /mo | E1: In transit | F1: In mfg | G1: Total inbound | H1: Cover (months) | I1: Verdict | J1: Suggested order | K1: Order value $ | L1: Unit FOB $
A2: SP 30 | B2: 5 | C2: 26 | D2: =C2/Assumptions!$B$10 | E2: 105 | F2: 0 | G2: =E2+F2 | H2: =IF(D2>0,G2/D2,999) | I2: Heavy | J2: 0 | K2: =J2*L2 | L2: 14.9
A3: SP 30 | B3: 7.5 | C3: 104 | D3: =C3/Assumptions!$B$10 | E3: 75 | F3: 50 | G3: =E3+F3 | H3: =IF(D3>0,G3/D3,999) | I3: Balanced | J3: 55 | K3: =J3*L3 | L3: 14.9
A4: SP 30 | B4: 10 | C4: 149 | D4: =C4/Assumptions!$B$10 | E4: 110 | F4: 74 | G4: =E4+F4 | H4: =IF(D4>0,G4/D4,999) | I4: Balanced | J4: 75 | K4: =J4*L4 | L4: 14.9
A5: SP 30 | B5: 15 | C5: 93 | D5: =C5/Assumptions!$B$10 | E5: 0 | F5: 20 | G5: =E5+F5 | H5: =IF(D5>0,G5/D5,999) | I5: MISSING | J5: 140 | K5: =J5*L5 | L5: 14.9
A6: SP 30 | B6: 20 | C6: 208 | D6: =C6/Assumptions!$B$10 | E6: 70 | F6: 46 | G6: =E6+F6 | H6: =IF(D6>0,G6/D6,999) | I6: MISSING | J6: 245 | K6: =J6*L6 | L6: 14.9
A7: SP 30 | B7: 25 | C7: 14 | D7: =C7/Assumptions!$B$10 | E7: 0 | F7: 30 | G7: =E7+F7 | H7: =IF(D7>0,G7/D7,999) | I7: Balanced | J7: 0 | K7: =J7*L7 | L7: 14.9
A8: SP 30 | B8: 30 | C8: 44 | D8: =C8/Assumptions!$B$10 | E8: 105 | F8: 21 | G8: =E8+F8 | H8: =IF(D8>0,G8/D8,999) | I8: Heavy | J8: 0 | K8: =J8*L8 | L8: 14.9
A9: SP 30 | B9: 40 | C9: 11 | D9: =C9/Assumptions!$B$10 | E9: 0 | F9: 6 | G9: =E9+F9 | H9: =IF(D9>0,G9/D9,999) | I9: MISSING | J9: 15 | K9: =J9*L9 | L9: 14.9
A10: SP 30 | B10: 50 | C10: 64 | D10: =C10/Assumptions!$B$10 | E10: 0 | F10: 6 | G10: =E10+F10 | H10: =IF(D10>0,G10/D10,999) | I10: MISSING | J10: 105 | K10: =J10*L10 | L10: 14.9
A11: SP 30 | B11: 60 | C11: 37 | D11: =C11/Assumptions!$B$10 | E11: 5 | F11: 10 | G11: =E11+F11 | H11: =IF(D11>0,G11/D11,999) | I11: MISSING | J11: 50 | K11: =J11*L11 | L11: 14.9
A12: SP 30 | B12: 80 | C12: 128 | D12: =C12/Assumptions!$B$10 | E12: 85 | F12: 30 | G12: =E12+F12 | H12: =IF(D12>0,G12/D12,999) | I12: Tight | J12: 105 | K12: =J12*L12 | L12: 14.9
A13: SP 30 | B13: 100 | C13: 38 | D13: =C13/Assumptions!$B$10 | E13: 55 | F13: 200 | G13: =E13+F13 | H13: =IF(D13>0,G13/D13,999) | I13: Heavy | J13: 0 | K13: =J13*L13 | L13: 14.9
... A101: SP 150 | B101: 60 | C101: 2 | D101: =C101/Assumptions!$B$10 | E101: 0 | F101: 0 | G101: =E101+F101 | H101: =IF(D101>0,G101/D101,999) | I101: NOT STOCKED | J101: 0 | K101: =J101*L101 | L101: 255
A102: TOTAL | C102: =SUM(C2:C101) | E102: =SUM(E2:E101) | F102: =SUM(F2:F101) | G102: =SUM(G2:G101) | J102: =SUM(J2:J101) | K102: =SUM(K2:K101)

Sheet PAM-flange cells
A1: Size | B1: PAM frame | C1: Mount | D1: Sold YTD | E1: Rate /mo | F1: In transit | G1: In mfg | H1: Total inbound | I1: Cover (months) | J1: Verdict
A2: SP 30 | B2: 56 | C2: B14 | D2: 158 | E2: =D2/Assumptions!$B$10 | F2: 250 | G2: 50 | H2: =F2+G2 | I2: =IF(E2>0,H2/E2,999) | J2: Balanced
A3: SP 30 | B3: 63 | C3: B14 | D3: 629 | E3: =D3/Assumptions!$B$10 | F3: 285 | G3: 427 | H3: =F3+G3 | I3: =IF(E3>0,H3/E3,999) | J3: Tight
A4: SP 30 | B4: 63 | C4: B5 | D4: 18 | E4: =D4/Assumptions!$B$10 | F4: 25 | G4: 16 | H4: =F4+G4 | I4: =IF(E4>0,H4/E4,999) | J4: Heavy
A5: SP 40 | B5: 63 | C5: B14 | D5: 397 | E5: =D5/Assumptions!$B$10 | F5: 154 | G5: 360 | H5: =F5+G5 | I5: =IF(E5>0,H5/E5,999) | J5: Balanced
A6: SP 40 | B6: 63 | C6: B5 | D6: 21 | E6: =D6/Assumptions!$B$10 | F6: 5 | G6: 0 | H6: =F6+G6 | I6: =IF(E6>0,H6/E6,999) | J6: MISSING
A7: SP 40 | B7: 71 | C7: B14 | D7: 1771 | E7: =D7/Assumptions!$B$10 | F7: 685 | G7: 598 | H7: =F7+G7 | I7: =IF(E7>0,H7/E7,999) | J7: Tight
A8: SP 40 | B8: 71 | C8: B5 | D8: 57 | E8: =D8/Assumptions!$B$10 | F8: 5 | G8: 0 | H8: =F8+G8 | I8: =IF(E8>0,H8/E8,999) | J8: MISSING
A9: SP 50 | B9: 63 | C9: B14 | D9: 14 | E9: =D9/Assumptions!$B$10 | F9: 150 | G9: 40 | H9: =F9+G9 | I9: =IF(E9>0,H9/E9,999) | J9: Heavy
A10: SP 50 | B10: 71 | C10: B14 | D10: 1387 | E10: =D10/Assumptions!$B$10 | F10: 1656 | G10: 1471 | H10: =F10+G10 | I10: =IF(E10>0,H10/E10,999) | J10: Heavy
A11: SP 50 | B11: 71 | C11: B5 | D11: 18 | E11: =D11/Assumptions!$B$10 | F11: 15 | G11: 50 | H11: =F11+G11 | I11: =IF(E11>0,H11/E11,999) | J11: Heavy
A12: SP 50 | B12: 80 | C12: B14 | D12: 1045 | E12: =D12/Assumptions!$B$10 | F12: 586 | G12: 414 | H12: =F12+G12 | I12: =IF(E12>0,H12/E12,999) | J12: Tight
A13: SP 50 | B13: 80 | C13: B5 | D13: 18 | E13: =D13/Assumptions!$B$10 | F13: 82 | G13: 10 | H13: =F13+G13 | I13: =IF(E13>0,H13/E13,999) | J13: Heavy
... A50: SP 150 | B50: 132 | C50: B5 | D50: 14 | E50: =D50/Assumptions!$B$10 | F50: 33 | G50: 50 | H50: =F50+G50 | I50: =IF(E50>0,H50/E50,999) | J50: Heavy

Sheet Reorder proposal
A1: Priority | B1: Size | C1: Ratio (i) | D1: Sold YTD | E1: Cover now (mo) | F1: Suggested qty | G1: Unit FOB $ | H1: Value $
A2: P0 — not stocked | B2: SP 75 | C2: 5 | D2: 4 | E2: 0 | F2: 10 | G2: 52 | H2: =F2*G2
A3: P0 — not stocked | B3: SP 75 | C3: 20 | D3: 131 | E3: 0 | F3: 225 | G3: 52 | H3: =F3*G3
A4: P0 — not stocked | B4: SP 90 | C4: 5 | D4: 8 | E4: 0 | F4: 15 | G4: 71 | H4: =F4*G4
A5: P0 — not stocked | B5: SP 90 | C5: 100 | D5: 72 | E5: 0 | F5: 125 | G5: 71 | H5: =F5*G5
A6: P0 — not stocked | B6: SP 110 | C6: 10 | D6: 16 | E6: 0 | F6: 30 | G6: 115 | H6: =F6*G6
A7: P0 — not stocked | B7: SP 110 | C7: 50 | D7: 35 | E7: 0 | F7: 60 | G7: 115 | H7: =F7*G7
A8: P0 — not stocked | B8: SP 130 | C8: 7.5 | D8: 7 | E8: 0 | F8: 15 | G8: 151 | H8: =F8*G8
A9: P0 — not stocked | B9: SP 130 | C9: 10 | D9: 6 | E9: 0 | F9: 15 | G9: 151 | H9: =F9*G9
A10: P0 — not stocked | B10: SP 130 | C10: 20 | D10: 9 | E10: 0 | F10: 20 | G10: 151 | H10: =F10*G10
A11: P0 — not stocked | B11: SP 130 | C11: 25 | D11: 7 | E11: 0 | F11: 15 | G11: 151 | H11: =F11*G11
A12: P0 — not stocked | B12: SP 130 | C12: 60 | D12: 14 | E12: 0 | F12: 25 | G12: 151 | H12: =F12*G12
A13: P0 — not stocked | B13: SP 130 | C13: 100 | D13: 10 | E13: 0 | F13: 20 | G13: 151 | H13: =F13*G13
... A76: P3 — top-up | B76: SP 40 | C76: 50 | D76: 321 | E76: 9.6 | F76: 110 | G76: 17.3 | H76: =F76*G76
A77: TOTAL | F77: =SUM(F2:F76) | H77: =SUM(H2:H76)
