Workbook

Sheet İ.Mak Priced Quotation
A1: İ.MAK EQUIVALENT SELECTION & PRICING – RFQ GEARBOXES & SPEED REDUCERS
A2: Prices: İ.Mak Gearbox Standard Series Euro Price List dated 26.01.2026 (EXW, €). Every unit is priced as the IEC-input (PAM flange) reducer except İRNX, which has no IEC version. Page numbers are the printed price-list pages. | K2: Discount on list price: | L2: 0.35
A4: Item No. | B4: Category | C4: RFQ Series / Type | D4: RFQ Size | E4: Motor Power (kW) | F4: RFQ Reduction Ratio | G4: Mounting | H4: Output | I4: Input | J4: Qty | K4: İ.Mak Series | L4: İ.Mak Equivalent – Reducer (IEC input) | M4: İ.Mak Equivalent – Complete Gearmotor | N4: Catalogue Ratio i | O4: n2 @1400 rpm (rpm) | P4: Rated M2 (Nm) | Q4: Sf / Capacity | R4: Rating Basis | S4: Output Detail | T4: IEC Input Flange | U4: Options (catalogue codes) | V4: Catalogue Reference (printed page) | W4: Selection Notes / Deviations | X4: Price-List Designation (as listed) | Y4: Price-List Page (26.01.2026) | Z4: Exists in Price List? | AA4: List Price (€/unit) | AB4: What the Unit Price Includes | AC4: Unit Net Price (€) after discount | AD4: Total Net Price (€) | AE4: Options Priced Separately (list → net) | AF4: Lead Time
A5: GB-001 | B5: Worm Gearbox | C5: NMRV | D5: 040 | F5: 1:10 | G5: Universal | H5: Hollow shaft, keyed | I5: IEC motor adaptor/input | J5: 6 | K5: S series (worm) | L5: SP 40 i=10 (IEC B14/B5 input flange, hollow output) | M5: — (motor power not specified in RFQ) | N5: 10 | O5: 140 | P5: 37 | Q5: P1 max 0.66 kW at Sf=1 | R5: Reducer table n1=1400 rpm, Sf=1 (η 82%) | S5: Hollow shaft Ø18 H7, keyed | T5: IEC 63, 71 (B14 or B5) | U5: FR/FL output flange; TR/TL torque arm; SR/SL/SD output shaft; oil 211 synthetic VG220 if required | V5: S-IRS-IRSD 2025: ratings p.61; dims p.73-74 | W5: Direct size-for-size NMRV equivalent (same centre distance and hollow bore). Ratio is a standard catalogue ratio. | X5: S/SP 40 | Y5: p.55 (S series aluminium worm gear units) | Z5: YES | AA5: 105 | AB5: Gearbox with IEC input flange (SP) and hollow output shaft | AC5: =ROUND(AA5*(1-$L$2),2) | AD5: =J5*AC5 | AE5: Output flange €7.00 → net €4.55; single output shaft €8.00 → €5.20; torque arm €9.00 → €5.85
A6: GB-002 | B6: Worm Gearbox | C6: NMRV | D6: 040 | F6: 1:15 | G6: Universal | H6: Hollow shaft, keyed | I6: IEC motor adaptor/input | J6: 5 | K6: S series (worm) | L6: SP 40 i=15 (IEC B14/B5 input flange, hollow output) | M6: — (motor power not specified in RFQ) | N6: 15 | O6: 93 | P6: 37 | Q6: P1 max 0.46 kW at Sf=1 | R6: Reducer table n1=1400 rpm, Sf=1 (η 79%) | S6: Hollow shaft Ø18 H7, keyed | T6: IEC 63, 71 (B14 or B5) | U6: FR/FL output flange; TR/TL torque arm; SR/SL/SD output shaft; oil 211 synthetic VG220 if required | V6: S-IRS-IRSD 2025: ratings p.61; dims p.73-74 | W6: Direct size-for-size NMRV equivalent (same centre distance and hollow bore). Ratio is a standard catalogue ratio. | X6: S/SP 40 | Y6: p.55 (S series aluminium worm gear units) | Z6: YES | AA6: 105 | AB6: Gearbox with IEC input flange (SP) and hollow output shaft | AC6: =ROUND(AA6*(1-$L$2),2) | AD6: =J6*AC6 | AE6: Output flange €7.00 → net €4.55; single output shaft €8.00 → €5.20; torque arm €9.00 → €5.85
A7: GB-003 | B7: Worm Gearbox | C7: NMRV | D7: 040 | F7: 1:20 | G7: Universal | H7: Hollow shaft, keyed | I7: IEC motor adaptor/input | J7: 6 | K7: S series (worm) | L7: SP 40 i=20 (IEC B14/B5 input flange, hollow output) | M7: — (motor power not specified in RFQ) | N7: 20 | O7: 70 | P7: 35 | Q7: P1 max 0.35 kW at Sf=1 | R7: Reducer table n1=1400 rpm, Sf=1 (η 74%) | S7: Hollow shaft Ø18 H7, keyed | T7: IEC 63, 71 (B14 or B5) | U7: FR/FL output flange; TR/TL torque arm; SR/SL/SD output shaft; oil 211 synthetic VG220 if required | V7: S-IRS-IRSD 2025: ratings p.61; dims p.73-74 | W7: Direct size-for-size NMRV equivalent (same centre distance and hollow bore). Ratio is a standard catalogue ratio. | X7: S/SP 40 | Y7: p.55 (S series aluminium worm gear units) | Z7: YES | AA7: 105 | AB7: Gearbox with IEC input flange (SP) and hollow output shaft | AC7: =ROUND(AA7*(1-$L$2),2) | AD7: =J7*AC7 | AE7: Output flange €7.00 → net €4.55; single output shaft €8.00 → €5.20; torque arm €9.00 → €5.85
A8: GB-004 | B8: Worm Gearbox | C8: NMRV | D8: 040 | F8: 1:25 | G8: Universal | H8: Hollow shaft, keyed | I8: IEC motor adaptor/input | J8: 4 | K8: S series (worm) | L8: SP 40 i=25 (IEC B14/B5 input flange, hollow output) | M8: — (motor power not specified in RFQ) | N8: 25 | O8: 56 | P8: 36 | Q8: P1 max 0.3 kW at Sf=1 | R8: Reducer table n1=1400 rpm, Sf=1 (η 71%) | S8: Hollow shaft Ø18 H7, keyed | T8: IEC 63, 71 (B14 or B5) | U8: FR/FL output flange; TR/TL torque arm; SR/SL/SD output shaft; oil 211 synthetic VG220 if required | V8: S-IRS-IRSD 2025: ratings p.61; dims p.73-74 | W8: Direct size-for-size NMRV equivalent (same centre distance and hollow bore). Ratio is a standard catalogue ratio. | X8: S/SP 40 | Y8: p.55 (S series aluminium worm gear units) | Z8: YES | AA8: 105 | AB8: Gearbox with IEC input flange (SP) and hollow output shaft | AC8: =ROUND(AA8*(1-$L$2),2) | AD8: =J8*AC8 | AE8: Output flange €7.00 → net €4.55; single output shaft €8.00 → €5.20; torque arm €9.00 → €5.85
A9: GB-005 | B9: Worm Gearbox | C9: NMRV | D9: 040 | F9: 1:30 | G9: Universal | H9: Hollow shaft, keyed | I9: IEC motor adaptor/input | J9: 5 | K9: S series (worm) | L9: SP 40 i=30 (IEC B14/B5 input flange, hollow output) | M9: — (motor power not specified in RFQ) | N9: 30 | O9: 47 | P9: 42 | Q9: P1 max 0.3 kW at Sf=1 | R9: Reducer table n1=1400 rpm, Sf=1 (η 68%) | S9: Hollow shaft Ø18 H7, keyed | T9: IEC 63, 71 (B14 or B5) | U9: FR/FL output flange; TR/TL torque arm; SR/SL/SD output shaft; oil 211 synthetic VG220 if required | V9: S-IRS-IRSD 2025: ratings p.61; dims p.73-74 | W9: Direct size-for-size NMRV equivalent (same centre distance and hollow bore). Ratio is a standard catalogue ratio. | X9: S/SP 40 | Y9: p.55 (S series aluminium worm gear units) | Z9: YES | AA9: 105 | AB9: Gearbox with IEC input flange (SP) and hollow output shaft | AC9: =ROUND(AA9*(1-$L$2),2) | AD9: =J9*AC9 | AE9: Output flange €7.00 → net €4.55; single output shaft €8.00 → €5.20; torque arm €9.00 → €5.85
A10: GB-006 | B10: Worm Gearbox | C10: NMRV | D10: 040 | F10: 1:40 | G10: Universal | H10: Hollow shaft, keyed | I10: IEC motor adaptor/input | J10: 4 | K10: S series (worm) | L10: SP 40 i=40 (IEC B14/B5 input flange, hollow output) | M10: — (motor power not specified in RFQ) | N10: 40 | O10: 35 | P10: 39 | Q10: P1 max 0.22 kW at Sf=1 | R10: Reducer table n1=1400 rpm, Sf=1 (η 65%) | S10: Hollow shaft Ø18 H7, keyed | T10: IEC 63, 71 (B14 or B5) | U10: FR/FL output flange; TR/TL torque arm; SR/SL/SD output shaft; oil 211 synthetic VG220 if required | V10: S-IRS-IRSD 2025: ratings p.61; dims p.73-74 | W10: Direct size-for-size NMRV equivalent (same centre distance and hollow bore). Ratio is a standard catalogue ratio. | X10: S/SP 40 | Y10: p.55 (S series aluminium worm gear units) | Z10: YES | AA10: 105 | AB10: Gearbox with IEC input flange (SP) and hollow output shaft | AC10: =ROUND(AA10*(1-$L$2),2) | AD10: =J10*AC10 | AE10: Output flange €7.00 → net €4.55; single output shaft €8.00 → €5.20; torque arm €9.00 → €5.85
A11: GB-007 | B11: Worm Gearbox | C11: NMRV | D11: 040 | F11: 1:50 | G11: Universal | H11: Hollow shaft, keyed | I11: IEC motor adaptor/input | J11: 4 | K11: S series (worm) | L11: SP 40 i=50 (IEC B14/B5 input flange, hollow output) | M11: — (motor power not specified in RFQ) | N11: 50 | O11: 28 | P11: 37 | Q11: P1 max 0.18 kW at Sf=1 | R11: Reducer table n1=1400 rpm, Sf=1 (η 61%) | S11: Hollow shaft Ø18 H7, keyed | T11: IEC 63, 71 (B14 or B5) | U11: FR/FL output flange; TR/TL torque arm; SR/SL/SD output shaft; oil 211 synthetic VG220 if required | V11: S-IRS-IRSD 2025: ratings p.61; dims p.73-74 | W11: Direct size-for-size NMRV equivalent (same centre distance and hollow bore). Ratio is a standard catalogue ratio. | X11: S/SP 40 | Y11: p.55 (S series aluminium worm gear units) | Z11: YES | AA11: 105 | AB11: Gearbox with IEC input flange (SP) and hollow output shaft | AC11: =ROUND(AA11*(1-$L$2),2) | AD11: =J11*AC11 | AE11: Output flange €7.00 → net €4.55; single output shaft €8.00 → €5.20; torque arm €9.00 → €5.85
A12: GB-008 | B12: Worm Gearbox | C12: NMRV | D12: 040 | F12: 1:60 | G12: Universal | H12: Hollow shaft, keyed | I12: IEC motor adaptor/input | J12: 2 | K12: S series (worm) | L12: SP 40 i=60 (IEC B14/B5 input flange, hollow output) | M12: — (motor power not specified in RFQ) | N12: 60 | O12: 23 | P12: 32 | Q12: P1 max 0.14 kW at Sf=1 | R12: Reducer table n1=1400 rpm, Sf=1 (η 55%) | S12: Hollow shaft Ø18 H7, keyed | T12: IEC 63, 71 (B14 or B5) | U12: FR/FL output flange; TR/TL torque arm; SR/SL/SD output shaft; oil 211 synthetic VG220 if required | V12: S-IRS-IRSD 2025: ratings p.61; dims p.73-74 | W12: Direct size-for-size NMRV equivalent (same centre distance and hollow bore). Ratio is a standard catalogue ratio. | X12: S/SP 40 | Y12: p.55 (S series aluminium worm gear units) | Z12: YES | AA12: 105 | AB12: Gearbox with IEC input flange (SP) and hollow output shaft | AC12: =ROUND(AA12*(1-$L$2),2) | AD12: =J12*AC12 | AE12: Output flange €7.00 → net €4.55; single output shaft €8.00 → €5.20; torque arm €9.00 → €5.85
A13: GB-009 | B13: Worm Gearbox | C13: NMRV | D13: 050 | F13: 1:10 | G13: Universal | H13: Hollow shaft, keyed | I13: IEC motor adaptor/input | J13: 6 | K13: S series (worm) | L13: SP 50 i=10 (IEC B14/B5 input flange, hollow output) | M13: — (motor power not specified in RFQ) | N13: 10 | O13: 140 | P13: 62 | Q13: P1 max 1.11 kW at Sf=1 | R13: Reducer table n1=1400 rpm, Sf=1 (η 82%) | S13: Hollow shaft Ø25 H7, keyed | T13: IEC 63, 71, 80 (B14 or B5) | U13: FR/FL output flange; TR/TL torque arm; SR/SL/SD output shaft; oil 211 synthetic VG220 if required | V13: S-IRS-IRSD 2025: ratings p.61; dims p.75-76 | W13: Direct size-for-size NMRV equivalent (same centre distance and hollow bore). Ratio is a standard catalogue ratio. | X13: S/SP 50 | Y13: p.55 (S series aluminium worm gear units) | Z13: YES | AA13: 129 | AB13: Gearbox with IEC input flange (SP) and hollow output shaft | AC13: =ROUND(AA13*(1-$L$2),2) | AD13: =J13*AC13 | AE13: Output flange €8.00 → net €5.20; single output shaft €9.00 → €5.85; torque arm €11.00 → €7.15
A14: GB-010 | B14: Worm Gearbox | C14: NMRV | D14: 050 | F14: 1:15 | G14: Universal | H14: Hollow shaft, keyed | I14: IEC motor adaptor/input | J14: 5 | K14: S series (worm) | L14: SP 50 i=15 (IEC B14/B5 input flange, hollow output) | M14: — (motor power not specified in RFQ) | N14: 15 | O14: 93 | P14: 69 | Q14: P1 max 0.85 kW at Sf=1 | R14: Reducer table n1=1400 rpm, Sf=1 (η 79%) | S14: Hollow shaft Ø25 H7, keyed | T14: IEC 63, 71, 80 (B14 or B5) | U14: FR/FL output flange; TR/TL torque arm; SR/SL/SD output shaft; oil 211 synthetic VG220 if required | V14: S-IRS-IRSD 2025: ratings p.61; dims p.75-76 | W14: Direct size-for-size NMRV equivalent (same centre distance and hollow bore). Ratio is a standard catalogue ratio. | X14: S/SP 50 | Y14: p.55 (S series aluminium worm gear units) | Z14: YES | AA14: 129 | AB14: Gearbox with IEC input flange (SP) and hollow output shaft | AC14: =ROUND(AA14*(1-$L$2),2) | AD14: =J14*AC14 | AE14: Output flange €8.00 → net €5.20; single output shaft €9.00 → €5.85; torque arm €11.00 → €7.15
A15: GB-011 | B15: Worm Gearbox | C15: NMRV | D15: 050 | F15: 1:20 | G15: Universal | H15: Hollow shaft, keyed | I15: IEC motor adaptor/input | J15: 6 | K15: S series (worm) | L15: SP 50 i=20 (IEC B14/B5 input flange, hollow output) | M15: — (motor power not specified in RFQ) | N15: 20 | O15: 70 | P15: 65 | Q15: P1 max 0.64 kW at Sf=1 | R15: Reducer table n1=1400 rpm, Sf=1 (η 74%) | S15: Hollow shaft Ø25 H7, keyed | T15: IEC 63, 71, 80 (B14 or B5) | U15: FR/FL output flange; TR/TL torque arm; SR/SL/SD output shaft; oil 211 synthetic VG220 if required | V15: S-IRS-IRSD 2025: ratings p.61; dims p.75-76 | W15: Direct size-for-size NMRV equivalent (same centre distance and hollow bore). Ratio is a standard catalogue ratio. | X15: S/SP 50 | Y15: p.55 (S series aluminium worm gear units) | Z15: YES | AA15: 129 | AB15: Gearbox with IEC input flange (SP) and hollow output shaft | AC15: =ROUND(AA15*(1-$L$2),2) | AD15: =J15*AC15 | AE15: Output flange €8.00 → net €5.20; single output shaft €9.00 → €5.85; torque arm €11.00 → €7.15
A16: GB-012 | B16: Worm Gearbox | C16: NMRV | D16: 050 | F16: 1:25 | G16: Universal | H16: Hollow shaft, keyed | I16: IEC motor adaptor/input | J16: 4 | K16: S series (worm) | L16: SP 50 i=25 (IEC B14/B5 input flange, hollow output) | M16: — (motor power not specified in RFQ) | N16: 25 | O16: 56 | P16: 61 | Q16: P1 max 0.5 kW at Sf=1 | R16: Reducer table n1=1400 rpm, Sf=1 (η 71%) | S16: Hollow shaft Ø25 H7, keyed | T16: IEC 63, 71, 80 (B14 or B5) | U16: FR/FL output flange; TR/TL torque arm; SR/SL/SD output shaft; oil 211 synthetic VG220 if required | V16: S-IRS-IRSD 2025: ratings p.61; dims p.75-76 | W16: Direct size-for-size NMRV equivalent (same centre distance and hollow bore). Ratio is a standard catalogue ratio. | X16: S/SP 50 | Y16: p.55 (S series aluminium worm gear units) | Z16: YES | AA16: 129 | AB16: Gearbox with IEC input flange (SP) and hollow output shaft | AC16: =ROUND(AA16*(1-$L$2),2) | AD16: =J16*AC16 | AE16: Output flange €8.00 → net €5.20; single output shaft €9.00 → €5.85; torque arm €11.00 → €7.15
... A53: GB-049 | B53: Worm Gearbox | C53: NMRV | D53: 150 | F53: 1:60 | G53: Universal | H53: Hollow shaft, keyed | I53: IEC motor adaptor/input | J53: 50 | K53: İRS series (cast-iron worm) | L53: İRSAP 127 i=65 (IEC B14/B5 input flange, hollow output) | M53: — (motor power not specified in RFQ) | N53: 65 | O53: 22 | P53: 1268 | Q53: P1 max 4.4 kW at Sf=1 | R53: Reducer table n1=1400 rpm, Sf=1 (η 73%) | S53: Hollow shaft Ø50 H7, keyed | T53: IEC 100, 112, 132 (B14 or B5) | U53: Single output shaft; torque arm; İRSF flange-mounted version | V53: S-IRS-IRSD 2025: ratings p.63; dims p.111-112 | W53: CAST IRON: the price list (p.55) names the S series "ALUMINIUM SERIES WORM GEAR UNITS", so S130/S150 do not meet the cast-iron requirement. Cast-iron İRSA 127 is used instead: i=65 is the closest ratio to 1:60 (+8%), and its rated M2 1268 Nm is at least the S150 rating at that ratio. Hollow bore Ø50 is the same as NMRV150. Aluminium S150 alternative for reference: S/SP 150 list €1,022.00, net €664.30. | X53: IRS-IRSP 127 (IRSA, foot mounted) | Y53: p.51 (IRS series) | Z53: YES | AA53: 826 | AB53: Cast-iron gearbox with IEC input flange (IRSP) and hollow output shaft | AC53: =ROUND(AA53*(1-$L$2),2) | AD53: =J53*AC53 | AE53: Single output shaft €34.00 → €22.10; torque arm €45.00 → €29.25; flange-mounted IRSF version €886.00 → €575.90 instead of IRSA
A54: GB-050 | B54: Helical Inline | C54: R / Equivalent | D54: Supplier selection | E54: 0.37 | F54: 1:10 | G54: B3 foot | H54: Solid output shaft | I54: IEC motor adaptor/input | J54: 1 | K54: İR (helical inline) | L54: İRAP 42 i=9.845 + IEC 71 B5 input (code 155) | M54: İRAM 42 / 71 M 4b | N54: 9.845 | O54: 142 | P54: 24 | Q54: Sf 1.94 | R54: Gearmotor table, 4-pole motor, n1≈1400 rpm | S54: Solid output shaft (foot mounted) | T54: IEC 71 B5 (motor 71 M 4b) | U54: IEC B5 input flange 155 (or 156 PAM with coupling); İRAFM foot+flange version available | V54: IR 2024: ratings p.52; dims p.195-197 | W54: Smallest housing with Sf ≥ 1.5 at 0.37 kW / 1400 rpm. Ratio deviation -1.5% vs 1:10. Quote both reducer-only and gearmotor lines (RFQ). | X54: IRAP 42 – IEC 71 B5 / B14 | Y54: p.15 (IRP series, IEC B5/B14 flanged) | Z54: YES | AA54: 224 | AB54: Gear unit with IEC input flange, solid output shaft, foot mounted | AC54: =ROUND(AA54*(1-$L$2),2) | AD54: =J54*AC54 | AE54: Complete gearmotor not priced here (IEC reducer requested); gearmotor prices are on price list pp.3-13 by kW/rpm
A55: GB-051 | B55: Helical Inline | C55: R / Equivalent | D55: Supplier selection | E55: 0.37 | F55: 1:20 | G55: B3 foot | H55: Solid output shaft | I55: IEC motor adaptor/input | J55: 1 | K55: İR (helical inline) | L55: İRAP 43 i=20.0 + IEC 71 B5 input (code 155) | M55: İRAM 43 / 71 M 4b | N55: 20 | O55: 69 | P55: 49 | Q55: Sf 1.68 | R55: Gearmotor table, 4-pole motor, n1≈1400 rpm | S55: Solid output shaft (foot mounted) | T55: IEC 71 B5 (motor 71 M 4b) | U55: IEC B5 input flange 155 (or 156 PAM with coupling); İRAFM foot+flange version available | V55: IR 2024: ratings p.52; dims p.195-197 | W55: Smallest housing with Sf ≥ 1.5 at 0.37 kW / 1400 rpm. Ratio deviation +0.0% vs 1:20. Quote both reducer-only and gearmotor lines (RFQ). | X55: IRAP 43 – IEC 71 B5 / B14 | Y55: p.15 (IRP series, IEC B5/B14 flanged) | Z55: YES | AA55: 228 | AB55: Gear unit with IEC input flange, solid output shaft, foot mounted | AC55: =ROUND(AA55*(1-$L$2),2) | AD55: =J55*AC55 | AE55: Complete gearmotor not priced here (IEC reducer requested); gearmotor prices are on price list pp.3-13 by kW/rpm
A56: GB-052 | B56: Helical Inline | C56: R / Equivalent | D56: Supplier selection | E56: 0.37 | F56: 1:30 | G56: B3 foot | H56: Solid output shaft | I56: IEC motor adaptor/input | J56: 1 | K56: İR (helical inline) | L56: İRAP 53 i=31.33 + IEC 71 B5 input (code 155) | M56: İRAM 53 / 71 M 4b | N56: 31.33 | O56: 44 | P56: 77 | Q56: Sf 2.49 | R56: Gearmotor table, 4-pole motor, n1≈1400 rpm | S56: Solid output shaft (foot mounted) | T56: IEC 71 B5 (motor 71 M 4b) | U56: IEC B5 input flange 155 (or 156 PAM with coupling); İRAFM foot+flange version available | V56: IR 2024: ratings p.52; dims p.201-203 | W56: Smallest housing with Sf ≥ 1.5 at 0.37 kW / 1400 rpm. Ratio deviation +4.4% vs 1:30. Quote both reducer-only and gearmotor lines (RFQ). | X56: IRAP 53 – IEC 71 B5 / B14 | Y56: p.15 (IRP series, IEC B5/B14 flanged) | Z56: YES | AA56: 278 | AB56: Gear unit with IEC input flange, solid output shaft, foot mounted | AC56: =ROUND(AA56*(1-$L$2),2) | AD56: =J56*AC56 | AE56: Complete gearmotor not priced here (IEC reducer requested); gearmotor prices are on price list pp.3-13 by kW/rpm
A57: GB-053 | B57: Helical Inline | C57: R / Equivalent | D57: Supplier selection | E57: 0.37 | F57: 1:40 | G57: B3 foot | H57: Solid output shaft | I57: IEC motor adaptor/input | J57: 1 | K57: İR (helical inline) | L57: İRAP 53 i=39.09 + IEC 71 B5 input (code 155) | M57: İRAM 53 / 71 M 4b | N57: 39.09 | O57: 35 | P57: 96 | Q57: Sf 2.07 | R57: Gearmotor table, 4-pole motor, n1≈1400 rpm | S57: Solid output shaft (foot mounted) | T57: IEC 71 B5 (motor 71 M 4b) | U57: IEC B5 input flange 155 (or 156 PAM with coupling); İRAFM foot+flange version available | V57: IR 2024: ratings p.52; dims p.201-203 | W57: Smallest housing with Sf ≥ 1.5 at 0.37 kW / 1400 rpm. Ratio deviation -2.3% vs 1:40. Quote both reducer-only and gearmotor lines (RFQ). | X57: IRAP 53 – IEC 71 B5 / B14 | Y57: p.15 (IRP series, IEC B5/B14 flanged) | Z57: YES | AA57: 278 | AB57: Gear unit with IEC input flange, solid output shaft, foot mounted | AC57: =ROUND(AA57*(1-$L$2),2) | AD57: =J57*AC57 | AE57: Complete gearmotor not priced here (IEC reducer requested); gearmotor prices are on price list pp.3-13 by kW/rpm
A58: GB-054 | B58: Helical Inline | C58: R / Equivalent | D58: Supplier selection | E58: 0.55 | F58: 1:10 | G58: B3 foot | H58: Solid output shaft | I58: IEC motor adaptor/input | J58: 1 | K58: İR (helical inline) | L58: İRAP 52 i=9.47 + IEC 80 B5 input (code 155) | M58: İRAM 52 / 80 M 4a | N58: 9.47 | O58: 147 | P58: 35 | Q58: Sf 4.4 | R58: Gearmotor table, 4-pole motor, n1≈1400 rpm | S58: Solid output shaft (foot mounted) | T58: IEC 80 B5 (motor 80 M 4a) | U58: IEC B5 input flange 155 (or 156 PAM with coupling); İRAFM foot+flange version available | V58: IR 2024: ratings p.57; dims p.201-203 | W58: Smallest housing with Sf ≥ 1.5 at 0.55 kW / 1400 rpm. Ratio deviation -5.3% vs 1:10. Quote both reducer-only and gearmotor lines (RFQ). | X58: IRAP 52 – IEC 80 B5 / B14 | Y58: p.15 (IRP series, IEC B5/B14 flanged) | Z58: YES | AA58: 277 | AB58: Gear unit with IEC input flange, solid output shaft, foot mounted | AC58: =ROUND(AA58*(1-$L$2),2) | AD58: =J58*AC58 | AE58: Complete gearmotor not priced here (IEC reducer requested); gearmotor prices are on price list pp.3-13 by kW/rpm
A59: GB-055 | B59: Helical Inline | C59: R / Equivalent | D59: Supplier selection | E59: 0.55 | F59: 1:15 | G59: B3 foot | H59: Solid output shaft | I59: IEC motor adaptor/input | J59: 1 | K59: İR (helical inline) | L59: İRAP 43 i=14.6 + IEC 80 B5 input (code 155) | M59: İRAM 43 / 80 M 4a | N59: 14.6 | O59: 95 | P59: 53 | Q59: Sf 1.54 | R59: Gearmotor table, 4-pole motor, n1≈1400 rpm | S59: Solid output shaft (foot mounted) | T59: IEC 80 B5 (motor 80 M 4a) | U59: IEC B5 input flange 155 (or 156 PAM with coupling); İRAFM foot+flange version available | V59: IR 2024: ratings p.57; dims p.195-197 | W59: Smallest housing with Sf ≥ 1.5 at 0.55 kW / 1400 rpm. Ratio deviation -2.7% vs 1:15. Larger alternatives: 52 (i=15.05, Sf=2.89). Quote both reducer-only and gearmotor lines (RFQ). | X59: IRAP 43 – IEC 80 B5 / B14 | Y59: p.15 (IRP series, IEC B5/B14 flanged) | Z59: YES | AA59: 238 | AB59: Gear unit with IEC input flange, solid output shaft, foot mounted | AC59: =ROUND(AA59*(1-$L$2),2) | AD59: =J59*AC59 | AE59: Complete gearmotor not priced here (IEC reducer requested); gearmotor prices are on price list pp.3-13 by kW/rpm
A60: GB-056 | B60: Helical Inline | C60: R / Equivalent | D60: Supplier selection | E60: 0.55 | F60: 1:20 | G60: B3 foot | H60: Solid output shaft | I60: IEC motor adaptor/input | J60: 1 | K60: İR (helical inline) | L60: İRAP 53 i=21.88 + IEC 80 B5 input (code 155) | M60: İRAM 53 / 80 M 4a | N60: 21.88 | O60: 63 | P60: 80 | Q60: Sf 2.22 | R60: Gearmotor table, 4-pole motor, n1≈1400 rpm | S60: Solid output shaft (foot mounted) | T60: IEC 80 B5 (motor 80 M 4a) | U60: IEC B5 input flange 155 (or 156 PAM with coupling); İRAFM foot+flange version available | V60: IR 2024: ratings p.57; dims p.201-203 | W60: Smallest housing with Sf ≥ 1.5 at 0.55 kW / 1400 rpm. Ratio deviation +9.4% vs 1:20. Quote both reducer-only and gearmotor lines (RFQ). | X60: IRAP 53 – IEC 80 B5 / B14 | Y60: p.15 (IRP series, IEC B5/B14 flanged) | Z60: YES | AA60: 288 | AB60: Gear unit with IEC input flange, solid output shaft, foot mounted | AC60: =ROUND(AA60*(1-$L$2),2) | AD60: =J60*AC60 | AE60: Complete gearmotor not priced here (IEC reducer requested); gearmotor prices are on price list pp.3-13 by kW/rpm
A61: GB-057 | B61: Helical Inline | C61: R / Equivalent | D61: Supplier selection | E61: 0.55 | F61: 1:30 | G61: B3 foot | H61: Solid output shaft | I61: IEC motor adaptor/input | J61: 1 | K61: İR (helical inline) | L61: İRAP 53 i=31.33 + IEC 80 B5 input (code 155) | M61: İRAM 53 / 80 M 4a | N61: 31.33 | O61: 44 | P61: 114 | Q61: Sf 1.68 | R61: Gearmotor table, 4-pole motor, n1≈1400 rpm | S61: Solid output shaft (foot mounted) | T61: IEC 80 B5 (motor 80 M 4a) | U61: IEC B5 input flange 155 (or 156 PAM with coupling); İRAFM foot+flange version available | V61: IR 2024: ratings p.57; dims p.201-203 | W61: Smallest housing with Sf ≥ 1.5 at 0.55 kW / 1400 rpm. Ratio deviation +4.4% vs 1:30. Quote both reducer-only and gearmotor lines (RFQ). | X61: IRAP 53 – IEC 80 B5 / B14 | Y61: p.15 (IRP series, IEC B5/B14 flanged) | Z61: YES | AA61: 288 | AB61: Gear unit with IEC input flange, solid output shaft, foot mounted | AC61: =ROUND(AA61*(1-$L$2),2) | AD61: =J61*AC61 | AE61: Complete gearmotor not priced here (IEC reducer requested); gearmotor prices are on price list pp.3-13 by kW/rpm
A62: GB-058 | B62: Helical Inline | C62: R / Equivalent | D62: Supplier selection | E62: 0.75 | F62: 1:10 | G62: B3 foot | H62: Solid output shaft | I62: IEC motor adaptor/input | J62: 2 | K62: İR (helical inline) | L62: İRAP 52 i=9.47 + IEC 80 B5 input (code 155) | M62: İRAM 52 / 80 M 4b | N62: 9.47 | O62: 147 | P62: 47 | Q62: Sf 3.23 | R62: Gearmotor table, 4-pole motor, n1≈1400 rpm | S62: Solid output shaft (foot mounted) | T62: IEC 80 B5 (motor 80 M 4b) | U62: IEC B5 input flange 155 (or 156 PAM with coupling); İRAFM foot+flange version available | V62: IR 2024: ratings p.62; dims p.201-203 | W62: Smallest housing with Sf ≥ 1.5 at 0.75 kW / 1400 rpm. Ratio deviation -5.3% vs 1:10. Quote both reducer-only and gearmotor lines (RFQ). | X62: IRAP 52 – IEC 80 B5 / B14 | Y62: p.15 (IRP series, IEC B5/B14 flanged) | Z62: YES | AA62: 277 | AB62: Gear unit with IEC input flange, solid output shaft, foot mounted | AC62: =ROUND(AA62*(1-$L$2),2) | AD62: =J62*AC62 | AE62: Complete gearmotor not priced here (IEC reducer requested); gearmotor prices are on price list pp.3-13 by kW/rpm
A63: GB-059 | B63: Helical Inline | C63: R / Equivalent | D63: Supplier selection | E63: 0.75 | F63: 1:20 | G63: B3 foot | H63: Solid output shaft | I63: IEC motor adaptor/input | J63: 2 | K63: İR (helical inline) | L63: İRAP 53 i=19.69 + IEC 80 B5 input (code 155) | M63: İRAM 53 / 80 M 4b | N63: 19.69 | O63: 71 | P63: 96 | Q63: Sf 1.81 | R63: Gearmotor table, 4-pole motor, n1≈1400 rpm | S63: Solid output shaft (foot mounted) | T63: IEC 80 B5 (motor 80 M 4b) | U63: IEC B5 input flange 155 (or 156 PAM with coupling); İRAFM foot+flange version available | V63: IR 2024: ratings p.61; dims p.201-203 | W63: Smallest housing with Sf ≥ 1.5 at 0.75 kW / 1400 rpm. Ratio deviation -1.5% vs 1:20. Quote both reducer-only and gearmotor lines (RFQ). | X63: IRAP 53 – IEC 80 B5 / B14 | Y63: p.15 (IRP series, IEC B5/B14 flanged) | Z63: YES | AA63: 288 | AB63: Gear unit with IEC input flange, solid output shaft, foot mounted | AC63: =ROUND(AA63*(1-$L$2),2) | AD63: =J63*AC63 | AE63: Complete gearmotor not priced here (IEC reducer requested); gearmotor prices are on price list pp.3-13 by kW/rpm
A64: GB-060 | B64: Helical Inline | C64: R / Equivalent | D64: Supplier selection | E64: 0.75 | F64: 1:30 | G64: B3 foot | H64: Solid output shaft | I64: IEC motor adaptor/input | J64: 1 | K64: İR (helical inline) | L64: İRAP 63 i=29.85 + IEC 80 B5 input (code 155) | M64: İRAM 63 / 80 M 4b | N64: 29.85 | O64: 46 | P64: 149 | Q64: Sf 3.22 | R64: Gearmotor table, 4-pole motor, n1≈1400 rpm | S64: Solid output shaft (foot mounted) | T64: IEC 80 B5 (motor 80 M 4b) | U64: IEC B5 input flange 155 (or 156 PAM with coupling); İRAFM foot+flange version available | V64: IR 2024: ratings p.61; dims p.231-234 | W64: Smallest housing with Sf ≥ 1.5 at 0.75 kW / 1400 rpm. Ratio deviation -0.5% vs 1:30. Quote both reducer-only and gearmotor lines (RFQ). | X64: IRAP 63 – IEC 80 B5 / B14 | Y64: p.15 (IRP series, IEC B5/B14 flanged) | Z64: YES | AA64: 422 | AB64: Gear unit with IEC input flange, solid output shaft, foot mounted | AC64: =ROUND(AA64*(1-$L$2),2) | AD64: =J64*AC64 | AE64: Complete gearmotor not priced here (IEC reducer requested); gearmotor prices are on price list pp.3-13 by kW/rpm
A65: GB-061 | B65: Helical Inline | C65: R / Equivalent | D65: Supplier selection | E65: 0.75 | F65: 1:40 | G65: B3 foot | H65: Solid output shaft | I65: IEC motor adaptor/input | J65: 1 | K65: İR (helical inline) | L65: İRAP 731 i=39.88 + IEC 80 B5 input (code 155) | M65: İRAM 731 / 80 M 4b | N65: 39.88 | O65: 35 | P65: 196 | Q65: Sf 3.22 | R65: Gearmotor table, 4-pole motor, n1≈1400 rpm | S65: Solid output shaft (foot mounted) | T65: IEC 80 B5 (motor 80 M 4b) | U65: IEC B5 input flange 155 (or 156 PAM with coupling); İRAFM foot+flange version available | V65: IR 2024: ratings p.61; dims p.251-254 | W65: Smallest housing with Sf ≥ 1.5 at 0.75 kW / 1400 rpm. Ratio deviation -0.3% vs 1:40. Quote both reducer-only and gearmotor lines (RFQ). | X65: IRAP 731 – IEC 80 B5 | Y65: p.16 (IRP series, IEC B5/B14 flanged) | Z65: YES | AA65: 571 | AB65: Gear unit with IEC input flange, solid output shaft, foot mounted | AC65: =ROUND(AA65*(1-$L$2),2) | AD65: =J65*AC65 | AE65: Complete gearmotor not priced here (IEC reducer requested); gearmotor prices are on price list pp.3-13 by kW/rpm
... A149: GB-145 | B149: Shaft Mounted Reducer | C149: SMSR / Equivalent | D149: Supplier selection | E149: 30 | F149: 1:25 | G149: Torque-arm mounted | H149: Hollow shaft, keyed | I149: IEC motor adaptor/input | J149: 1 | K149: İRNX (shaft mounted) | L149: İRNX 08 i=13 + pulley 1:2 (overall ≈1:26) | M149: — (belt driven; motor, pulleys and belts supplied separately) | N149: 26 | O149: 53 | P149: 9920 | Q149: 38.0 kW max at fs 1.5 | R149: IRNX table n1=1400 rpm, moderate load 16 h/day | S149: Hollow shaft, keyed | T149: Not available (input shaft + pulley) | U149: BSL backstop (CW/CCW 235/236); torque arm with rubber buffers; input shaft 131-136 variants; pulleys/belts quote separately | V149: IRNX 2024: ratings p.35; dims p.50 | W149: Selected on "moderate load, 16 h/day (fs=1.50)" max-motor-kW column at n1=1400 rpm. Gear ratio 1:25 is not an IRNX ratio (IRNX gears are 5 / 13 / 20 / 30); overall 1:26 is reached with gearbox i=13 + V-belt pulley ratio 1:2 (catalogue pulley table). DEVIATION: IRNX has a keyed input shaft for belt/pulley drive only; no IEC motor adaptor in the catalogue. Direct-drive alternative: İRNX 07 i=20 (1:20 not 1:25, 38.0 kW at fs 1.5). | X149: İRNX 08 | Y149: p.61 (IRNX series) | Z149: YES (no IEC version exists, input shaft only) | AA149: 3599 | AB149: Shaft-mounted gear unit, hollow shaft, input shaft | AC149: =ROUND(AA149*(1-$L$2),2) | AD149: =J149*AC149 | AE149: Backstop €351.00 → €228.15; torque arm, pulleys and belts not in price list, ask İ.Mak
AC150: GRAND TOTAL (net) | AD150: =SUM(AD5:AD149)
AC151: Grand total (list) | AD151: =SUMPRODUCT(J5:J149,AA5:AA149)

Sheet Summary
A1: Price summary by category
A3: Category | B3: Lines | C3: Units (Qty) | D3: List total (€) | E3: Net total (€)
A4: Worm Gearbox | B4: =COUNTIF('İ.Mak Priced Quotation'!$B$5:$B$149,A4) | C4: =SUMIF('İ.Mak Priced Quotation'!$B$5:$B$149,A4,'İ.Mak Priced Quotation'!$J$5:$J$149) | D4: =SUMPRODUCT(('İ.Mak Priced Quotation'!$B$5:$B$149=A4)*'İ.Mak Priced Quotation'!$J$5:$J$149*'İ.Mak Priced Quotation'!$AA$5:$AA$149) | E4: =SUMIF('İ.Mak Priced Quotation'!$B$5:$B$149,A4,'İ.Mak Priced Quotation'!$AD$5:$AD$149)
A5: Helical Inline | B5: =COUNTIF('İ.Mak Priced Quotation'!$B$5:$B$149,A5) | C5: =SUMIF('İ.Mak Priced Quotation'!$B$5:$B$149,A5,'İ.Mak Priced Quotation'!$J$5:$J$149) | D5: =SUMPRODUCT(('İ.Mak Priced Quotation'!$B$5:$B$149=A5)*'İ.Mak Priced Quotation'!$J$5:$J$149*'İ.Mak Priced Quotation'!$AA$5:$AA$149) | E5: =SUMIF('İ.Mak Priced Quotation'!$B$5:$B$149,A5,'İ.Mak Priced Quotation'!$AD$5:$AD$149)
A6: Helical Bevel | B6: =COUNTIF('İ.Mak Priced Quotation'!$B$5:$B$149,A6) | C6: =SUMIF('İ.Mak Priced Quotation'!$B$5:$B$149,A6,'İ.Mak Priced Quotation'!$J$5:$J$149) | D6: =SUMPRODUCT(('İ.Mak Priced Quotation'!$B$5:$B$149=A6)*'İ.Mak Priced Quotation'!$J$5:$J$149*'İ.Mak Priced Quotation'!$AA$5:$AA$149) | E6: =SUMIF('İ.Mak Priced Quotation'!$B$5:$B$149,A6,'İ.Mak Priced Quotation'!$AD$5:$AD$149)
A7: Parallel Shaft | B7: =COUNTIF('İ.Mak Priced Quotation'!$B$5:$B$149,A7) | C7: =SUMIF('İ.Mak Priced Quotation'!$B$5:$B$149,A7,'İ.Mak Priced Quotation'!$J$5:$J$149) | D7: =SUMPRODUCT(('İ.Mak Priced Quotation'!$B$5:$B$149=A7)*'İ.Mak Priced Quotation'!$J$5:$J$149*'İ.Mak Priced Quotation'!$AA$5:$AA$149) | E7: =SUMIF('İ.Mak Priced Quotation'!$B$5:$B$149,A7,'İ.Mak Priced Quotation'!$AD$5:$AD$149)
A8: Shaft Mounted Reducer | B8: =COUNTIF('İ.Mak Priced Quotation'!$B$5:$B$149,A8) | C8: =SUMIF('İ.Mak Priced Quotation'!$B$5:$B$149,A8,'İ.Mak Priced Quotation'!$J$5:$J$149) | D8: =SUMPRODUCT(('İ.Mak Priced Quotation'!$B$5:$B$149=A8)*'İ.Mak Priced Quotation'!$J$5:$J$149*'İ.Mak Priced Quotation'!$AA$5:$AA$149) | E8: =SUMIF('İ.Mak Priced Quotation'!$B$5:$B$149,A8,'İ.Mak Priced Quotation'!$AD$5:$AD$149)
A9: TOTAL | B9: =SUM(B4:B8) | C9: =SUM(C4:C8) | D9: =SUM(D4:D8) | E9: =SUM(E4:E8)
A11: Discount applied: see 'İ.Mak Priced Quotation'!L2 (35%). Options listed per line (flanges, shafts, torque arms, shrink discs, backstops) are NOT included in these totals unless the "What the Unit Price Includes" column says so.

Sheet Basis & Assumptions
A1: Pricing basis
A2: Source | B2: İ.Mak Gearbox Standard Series Euro Price List, 26.01.2026 (67 pp.). Page numbers quoted are the printed page numbers (PDF page − 1).
A3: Discount | B3: 35% off list price, applied through cell L2 on the quotation sheet: Net = ROUND(List × (1 − 35%), 2); Total = Qty × Net.
A4: IEC input | B4: Every helical unit is priced as the IEC B5/B14 (PAM) flanged reducer, matched on the exact type AND IEC frame in the price list: IRP (p.15-19), IRKP (p.31-34), YPP (p.45-48). Worm units: S/SP (SP = IEC flange, same price as S, p.55) and IRS-IRSP (p.51). The script checked that every designation + IEC frame exists; all 145 lines were found.
A5: Included in unit price | B5: IR: IRAP (foot) or IRFP (flange) column, solid output shaft standard. IRK hollow + torque-arm lines: IRKP + torque arm (RFQ says "include torque arm"). IRK foot + solid shaft lines: IRKP + single output shaft (foot). YP hollow lines: YPP only (no YP torque arm in the price list). YP foot + solid shaft lines: YPP + output shaft (foot). Worm: gearbox only; the RFQ asks for flange, torque arm and shafts to be quoted separately, so they are in the options column.
A6: Worm 130/150 – cast iron | B6: The price list names the S series "ALUMINIUM SERIES WORM GEAR UNITS" (p.55), so S130/S150 cannot meet the RFQ cast-iron requirement. GB-046…049 now use cast-iron İRSA 127 (IRS-IRSP 127, p.51) with i=52 (for 1:50) and i=65 (for 1:60); its rated torque is at least that of S130/S150 at the same ratio (catalogue p.63). Aluminium S/SP prices are shown in the notes for reference.
A7: Not in price list – ask İ.Mak | B7: YP torque arm (GB-121…130, required by RFQ) · İRNX torque arm, input pulley and belts · İRNX IEC motor adaptor (does not exist; belt drive only) · İRNX 01 backstop (shown as "-" = not available) · helical gearmotor versions are priced by kW/rpm on pp.3-13 and are not included here.
A8: Special options (p.1) | B8: Special hollow shaft +10% (e.g. Ø45 bore on İRS 127 for NMRV130) · synthetic oil −40 °C €30/L · food-grade oil €25/L · epoxy paint +2% · ATEX +15%.
A9: Technical selection | B9: Unchanged from the previous revision (see catalogue references per line): smallest housing with Sf ≥ 1.5 at the motor kW with a 4-pole motor, ratio within ±5% where possible (±10% maximum).
